[
  {
    "name": "Cities in Poland",
    "modes": [
      "learn",
      "speak"
    ],
    "type": "flashcards"
  },
  {
    "name": "Common Polish Names",
    "modes": [
      "learn",
      "speak"
    ],
    "type": "flashcards"
  },
  {
    "name": "Countries of the World",
    "modes": [
      "learn",
      "speak"
    ],
    "type": "flashcards"
  },
  {
    "name": "Emergencies & Health",
    "modes": [
      "learn",
      "speak"
    ],
    "type": "flashcards"
  },
  {
    "name": "Food & Dining",
    "modes": [
      "learn",
      "speak"
    ],
    "type": "flashcards"
  },
  {
    "name": "Navigation & Transportation",
    "modes": [
      "learn",
      "speak"
    ],
    "type": "flashcards"
  },
  {
    "name": "Navigation - districts of Warsaw",
    "modes": [
      "learn",
      "speak"
    ],
    "type": "flashcards"
  },
  {
    "name": "Navigation - Major street names in Warsa",
    "modes": [
      "learn",
      "speak"
    ],
    "type": "flashcards"
  },
  {
    "name": "Navigation basics",
    "modes": [
      "learn",
      "speak"
    ],
    "type": "flashcards"
  },
  {
    "name": "Numbers 1-20",
    "modes": [
      "learn",
      "speak"
    ],
    "type": "flashcards"
  },
  {
    "name": "Numbers 20 - 100 - 1000",
    "modes": [
      "learn",
      "speak"
    ],
    "type": "flashcards"
  },
  {
    "name": "Pleasantries & Social Basics",
    "modes": [
      "learn",
      "speak"
    ],
    "type": "flashcards"
  },
  {
    "name": "Public transit",
    "modes": [
      "learn",
      "speak"
    ],
    "type": "flashcards"
  },
  {
    "name": "Restaurant basics",
    "modes": [
      "learn",
      "speak"
    ],
    "type": "flashcards"
  },
  {
    "name": "Shopping & Money",
    "modes": [
      "learn",
      "speak"
    ],
    "type": "flashcards"
  }
]